{"cameraMode":{"drawMode":0,"name":"Shaded","section":"Shading Mode"},"sceneLighting":false,"audioPlay":false,"sceneViewState":{"showFog":true,"showMaterialUpdate":true,"showSkybox":false,"showFlares":false,"showImageEffects":true,"showParticleSystems":true,"showVisualEffectGraphs":true,"m_FxEnabled":true},"in2DMode":false,"pivot":{"x":0.12562084197998048,"y":5.246238708496094,"z":1.833298683166504},"rotation":{"x":0.04499524459242821,"y":-0.9462260603904724,"z":0.28277647495269778,"w":0.15056271851062776},"size":7.206007480621338,"orthographic":true}