{"cameraMode":{"drawMode":0,"name":"Shaded","section":"Shading Mode"},"sceneLighting":false,"audioPlay":false,"sceneViewState":{"showFog":true,"showMaterialUpdate":false,"showSkybox":false,"showFlares":true,"showImageEffects":true,"showParticleSystems":true,"showVisualEffectGraphs":true,"m_FxEnabled":true},"in2DMode":false,"pivot":{"x":0.11151501536369324,"y":1.5796236991882325,"z":-0.3244953155517578},"rotation":{"x":0.0019349525682628155,"y":-0.995404839515686,"z":-0.093445785343647,"w":-0.020611239597201349},"size":2.839454174041748,"orthographic":false}