{"cameraMode":{"drawMode":0,"name":"Shaded","section":"Shading Mode"},"sceneLighting":false,"audioPlay":false,"sceneViewState":{"showFog":true,"showMaterialUpdate":true,"showSkybox":false,"showFlares":false,"showImageEffects":true,"showParticleSystems":true,"showVisualEffectGraphs":true,"m_FxEnabled":true},"in2DMode":false,"pivot":{"x":1.2669334411621094,"y":2.059100866317749,"z":0.5753402709960938},"rotation":{"x":-0.0008578403503634036,"y":-0.9789508581161499,"z":0.20405495166778565,"w":-0.004115240648388863},"size":2.817800521850586,"orthographic":true}