{"cameraMode":{"drawMode":0,"name":"Shaded","section":"Shading Mode"},"sceneLighting":false,"audioPlay":false,"sceneViewState":{"showFog":true,"showMaterialUpdate":true,"showSkybox":false,"showFlares":true,"showImageEffects":true,"showParticleSystems":true,"showVisualEffectGraphs":true,"m_FxEnabled":true},"in2DMode":false,"pivot":{"x":-0.013202019035816193,"y":0.0031631793826818468,"z":0.014291669242084027},"rotation":{"x":0.1412857174873352,"y":-0.6312963962554932,"z":0.118400938808918,"w":0.7533155679702759},"size":0.035067591816186908,"orthographic":false}