{"cameraMode":{"drawMode":0,"name":"Shaded","section":"Shading Mode"},"sceneLighting":false,"audioPlay":false,"sceneViewState":{"showFog":true,"showMaterialUpdate":true,"showSkybox":false,"showFlares":true,"showImageEffects":true,"showParticleSystems":true,"showVisualEffectGraphs":true,"m_FxEnabled":true},"in2DMode":false,"pivot":{"x":0.4061538577079773,"y":-0.290765643119812,"z":0.8207743167877197},"rotation":{"x":0.14476963877677918,"y":-0.8226666450500488,"z":0.24102145433425904,"w":0.4941360354423523},"size":1.9669533967971802,"orthographic":true}