{"cameraMode":{"drawMode":0,"name":"Shaded","section":"Shading Mode"},"sceneLighting":false,"audioPlay":false,"sceneViewState":{"showFog":true,"showMaterialUpdate":true,"showSkybox":false,"showFlares":true,"showImageEffects":true,"showParticleSystems":true,"showVisualEffectGraphs":true,"m_FxEnabled":true},"in2DMode":false,"pivot":{"x":-0.0006901663728058338,"y":-0.000024058623239398003,"z":0.00001788511872291565},"rotation":{"x":0.13002587854862214,"y":-0.7530404329299927,"z":0.15649783611297608,"w":0.6256985068321228},"size":0.04854130372405052,"orthographic":false}