{"cameraMode":{"drawMode":0,"name":"Shaded","section":"Shading Mode"},"sceneLighting":false,"audioPlay":false,"sceneViewState":{"showFog":true,"showMaterialUpdate":true,"showSkybox":false,"showFlares":false,"showImageEffects":true,"showParticleSystems":true,"showVisualEffectGraphs":true,"m_FxEnabled":true},"in2DMode":false,"pivot":{"x":0.3035776615142822,"y":1.9183272123336793,"z":-0.03871852904558182},"rotation":{"x":0.16492052376270295,"y":-0.6661336421966553,"z":0.15456616878509522,"w":0.7107581496238709},"size":2.2717092037200929,"orthographic":true}