{"cameraMode":{"drawMode":0,"name":"Shaded","section":"Shading Mode"},"sceneLighting":false,"audioPlay":false,"sceneViewState":{"showFog":true,"showMaterialUpdate":true,"showSkybox":false,"showFlares":true,"showImageEffects":true,"showParticleSystems":true,"showVisualEffectGraphs":true,"m_FxEnabled":true},"in2DMode":false,"pivot":{"x":0.13359925150871278,"y":-0.7015862464904785,"z":0.8919551372528076},"rotation":{"x":0.3076353669166565,"y":0.2213449776172638,"z":-0.07381699979305268,"w":0.9224509596824646},"size":3.676419734954834,"orthographic":true}