{"cameraMode":{"drawMode":0,"name":"Shaded","section":"Shading Mode"},"sceneLighting":true,"audioPlay":false,"sceneViewState":{"showFog":true,"showMaterialUpdate":true,"showSkybox":false,"showFlares":false,"showImageEffects":true,"showParticleSystems":true,"showVisualEffectGraphs":true,"m_FxEnabled":true},"in2DMode":false,"pivot":{"x":0.34771591424942019,"y":3.3120369911193849,"z":0.8231105804443359},"rotation":{"x":0.03949838876724243,"y":-0.887338399887085,"z":0.07739382237195969,"w":0.45285874605178835},"size":5.755495548248291,"orthographic":true}