{"cameraMode":{"drawMode":0,"name":"Shaded","section":"Shading Mode"},"sceneLighting":true,"audioPlay":false,"sceneViewState":{"showFog":false,"showMaterialUpdate":false,"showSkybox":false,"showFlares":false,"showImageEffects":true,"showParticleSystems":true,"showVisualEffectGraphs":true,"m_FxEnabled":true},"in2DMode":false,"pivot":{"x":-76.95100402832031,"y":20.761070251464845,"z":174.18695068359376},"rotation":{"x":0.39979127049446108,"y":-0.009621517732739449,"z":0.0042103310115635399,"w":0.9165537357330322},"size":7.638646602630615,"orthographic":false}