{"cameraMode":{"drawMode":0,"name":"Shaded","section":"Shading Mode"},"sceneLighting":false,"audioPlay":false,"sceneViewState":{"showFog":true,"showMaterialUpdate":false,"showSkybox":false,"showFlares":true,"showImageEffects":true,"showParticleSystems":true,"showVisualEffectGraphs":true,"m_FxEnabled":true},"in2DMode":false,"pivot":{"x":1.5174421072006226,"y":4.718990325927734,"z":0.464813232421875},"rotation":{"x":0.31124112010002139,"y":-0.0028511567506939174,"z":0.0009337941883131862,"w":0.9503268599510193},"size":8.124038696289063,"orthographic":true}