{"cameraMode":{"drawMode":0,"name":"Shaded","section":"Shading Mode"},"sceneLighting":false,"audioPlay":false,"sceneViewState":{"showFog":true,"showMaterialUpdate":true,"showSkybox":false,"showFlares":true,"showImageEffects":true,"showParticleSystems":true,"showVisualEffectGraphs":true,"m_FxEnabled":true},"in2DMode":false,"pivot":{"x":0.9195852279663086,"y":1.8657513856887818,"z":-0.805949866771698},"rotation":{"x":0.07778146117925644,"y":0.30877795815467837,"z":-0.025344643741846086,"w":0.9476092457771301},"size":4.039186000823975,"orthographic":true}