{"cameraMode":{"drawMode":0,"name":"Shaded","section":"Shading Mode"},"sceneLighting":false,"audioPlay":false,"sceneViewState":{"showFog":true,"showMaterialUpdate":true,"showSkybox":false,"showFlares":false,"showImageEffects":true,"showParticleSystems":true,"showVisualEffectGraphs":true,"m_FxEnabled":true},"in2DMode":false,"pivot":{"x":-0.45581555366516116,"y":-0.030385732650756837,"z":0.06275200843811035},"rotation":{"x":-0.07147590816020966,"y":-0.9154757857322693,"z":0.34866881370544436,"w":-0.18767990171909333},"size":2.230776309967041,"orthographic":false}