{"cameraMode":{"drawMode":0,"name":"Shaded","section":"Shading Mode"},"sceneLighting":false,"audioPlay":false,"sceneViewState":{"showFog":true,"showMaterialUpdate":true,"showSkybox":false,"showFlares":false,"showImageEffects":true,"showParticleSystems":true,"showVisualEffectGraphs":true,"m_FxEnabled":true},"in2DMode":false,"pivot":{"x":-0.025638222694396974,"y":0.21945405006408692,"z":-0.22813498973846436},"rotation":{"x":-0.08472949266433716,"y":-0.9147801995277405,"z":0.2944411039352417,"w":-0.2632531225681305},"size":1.3307764530181885,"orthographic":false}