{"cameraMode":{"drawMode":0,"name":"Shaded","section":"Shading Mode"},"sceneLighting":false,"audioPlay":false,"sceneViewState":{"showFog":true,"showMaterialUpdate":true,"showSkybox":false,"showFlares":true,"showImageEffects":true,"showParticleSystems":true,"showVisualEffectGraphs":true,"m_FxEnabled":true},"in2DMode":false,"pivot":{"x":0.00078636035323143,"y":-0.0007075704634189606,"z":0.022664282470941545},"rotation":{"x":-0.18568255007266999,"y":-0.6445248126983643,"z":0.16553525626659394,"w":-0.7229782342910767},"size":0.035067591816186908,"orthographic":false}