{"cameraMode":{"drawMode":0,"name":"Shaded","section":"Shading Mode"},"sceneLighting":false,"audioPlay":false,"sceneViewState":{"showFog":true,"showMaterialUpdate":true,"showSkybox":false,"showFlares":true,"showImageEffects":true,"showParticleSystems":true,"showVisualEffectGraphs":true,"m_FxEnabled":true},"in2DMode":false,"pivot":{"x":-0.49093183875083926,"y":-0.024909257888793947,"z":0.70928955078125},"rotation":{"x":-0.2948818504810333,"y":0.019499197602272035,"z":-0.006017765495926142,"w":-0.955310583114624},"size":4.953017234802246,"orthographic":false}