{"cameraMode":{"drawMode":0,"name":"Shaded","section":"Shading Mode"},"sceneLighting":false,"audioPlay":false,"sceneViewState":{"showFog":true,"showMaterialUpdate":true,"showSkybox":false,"showFlares":false,"showImageEffects":true,"showParticleSystems":true,"showVisualEffectGraphs":true,"m_FxEnabled":true},"in2DMode":false,"pivot":{"x":1.3503317832946778,"y":2.137112617492676,"z":0.6875328421592712},"rotation":{"x":0.036884605884552,"y":0.016487987712025644,"z":-0.0006086485809646547,"w":0.9991839528083801},"size":9.112687110900879,"orthographic":true}