{"cameraMode":{"drawMode":0,"name":"Shaded","section":"Shading Mode"},"sceneLighting":false,"audioPlay":false,"sceneViewState":{"showFog":true,"showMaterialUpdate":true,"showSkybox":false,"showFlares":true,"showImageEffects":true,"showParticleSystems":true,"showVisualEffectGraphs":true,"m_FxEnabled":true},"in2DMode":false,"pivot":{"x":-0.029017500579357148,"y":-0.02092733606696129,"z":0.05850943177938461},"rotation":{"x":0.16833962500095368,"y":-0.14404527842998506,"z":0.024874277412891389,"w":0.9748303294181824},"size":0.04809010028839111,"orthographic":false}