{"cameraMode":{"drawMode":0,"name":"Shaded","section":"Shading Mode"},"sceneLighting":false,"audioPlay":false,"sceneViewState":{"showFog":true,"showMaterialUpdate":false,"showSkybox":false,"showFlares":true,"showImageEffects":true,"showParticleSystems":true,"showVisualEffectGraphs":true,"m_FxEnabled":true},"in2DMode":false,"pivot":{"x":2.228825092315674,"y":2.2009530067443849,"z":1.9301481246948243},"rotation":{"x":0.2602337598800659,"y":0.030409259721636773,"z":-0.008199882693588734,"w":0.9650326371192932},"size":8.306124687194825,"orthographic":false}