{"cameraMode":{"drawMode":0,"name":"Shaded","section":"Shading Mode"},"sceneLighting":false,"audioPlay":false,"sceneViewState":{"showFog":false,"showMaterialUpdate":false,"showSkybox":false,"showFlares":false,"showImageEffects":false,"showParticleSystems":false,"showVisualEffectGraphs":true,"m_FxEnabled":true},"in2DMode":false,"pivot":{"x":0.38807588815689089,"y":0.20202720165252686,"z":1.414442539215088},"rotation":{"x":-0.003710005199536681,"y":0.9957055449485779,"z":-0.08022624999284744,"w":-0.04603845626115799},"size":3.886472225189209,"orthographic":true}