{"cameraMode":{"drawMode":0,"name":"Shaded","section":"Shading Mode"},"sceneLighting":false,"audioPlay":false,"sceneViewState":{"showFog":true,"showMaterialUpdate":true,"showSkybox":false,"showFlares":true,"showImageEffects":true,"showParticleSystems":true,"showVisualEffectGraphs":true,"m_FxEnabled":true},"in2DMode":false,"pivot":{"x":-0.02182691916823387,"y":-0.009731903672218323,"z":-0.01056242361664772},"rotation":{"x":0.23696188628673554,"y":-0.4796159267425537,"z":0.136315256357193,"w":0.8337989449501038},"size":0.04812298342585564,"orthographic":false}